Top queries,Clicks,Impressions,CTR,Position
budget promotions,50,314,15.92%,1.62
budget promotion,40,222,18.02%,3.38
budget promotion calgary,5,56,8.93%,1.66
custom shirts calgary,3,406,0.74%,11.81
tshirt printing calgary,2,301,0.66%,10.47
l00550,1,444,0.23%,6.01
custom merch canada,1,86,1.16%,27.14
l00550 hoodie,1,68,1.47%,6.28
t-shirt printing calgary,1,60,1.67%,13.1
custom shirt calgary,1,48,2.08%,11.92
custom t-shirts calgary,1,46,2.17%,11.8
1376842,1,40,2.5%,7.97
budget tshirt,1,37,2.7%,9.38
budget-t,1,20,5%,5.7
promotional clothing canada,1,15,6.67%,11.27
atc werk,1,13,7.69%,10.08
custom hoodie calgary,1,8,12.5%,15.5
promotional embroidery,1,4,25%,24.25
budget promo,1,3,33.33%,3.33
promotion budget,1,3,33.33%,3.67
budget screen printing,1,2,50%,5.5
cheap embroidery near me,1,2,50%,10
t shirt printing same day,1,1,100%,2
same day tshirt printing,1,1,100%,3
wholesale screen printing and embroidery,1,1,100%,29
branded apparel,0,957,0%,18.44
custom apparel,0,582,0%,35.71
custom apparel canada,0,396,0%,24.08
custom merchandise,0,281,0%,35.33
custom printed apparel,0,221,0%,23.95
custom hoodies calgary,0,220,0%,12.63
custom clothing canada,0,214,0%,35.13
custom promotional t-shirt printing,0,211,0%,10.21
custom merch,0,195,0%,40.26
custom t shirts calgary,0,194,0%,11.79
promotional products calgary,0,189,0%,26.62
custom apparel calgary,0,171,0%,8.32
promotional companies near me,0,168,0%,10.15
t shirt printing calgary,0,160,0%,11.99
affordable promotional products edmonton,0,150,0%,40.43
personalized clothing canada,0,136,0%,43.79
custom apparel printing,0,132,0%,33.06
custom logo clothing canada,0,131,0%,17.2
budget printing,0,129,0%,9.21
embroidery calgary,0,106,0%,37.26
custom merchandise canada,0,103,0%,21.79
branded clothing canada,0,102,0%,36.21
custom embroidery calgary,0,99,0%,31.71
custom clothing,0,95,0%,54.68
custom tshirts calgary,0,91,0%,11.26
screen printing calgary,0,91,0%,21.69
promotion calgary,0,89,0%,8.96
custom t shirt printing calgary,0,84,0%,12.5
promo items calgary,0,80,0%,12.38
custom caps calgary,0,80,0%,24.62
same day t-shirt printing calgary,0,78,0%,7.65
custom sweaters calgary,0,78,0%,13.05
calgary shirt printing,0,76,0%,11.2
calgary t shirt printing,0,76,0%,11.67
t shirts calgary,0,76,0%,20.2
custom corporate apparel,0,76,0%,31.45
promo products calgary,0,74,0%,14.11
budget t,0,73,0%,11.55
canadian custom apparel,0,73,0%,39.32
branded promotional tshirts,0,72,0%,10.19
custom branded merchandise edmonton,0,72,0%,12
apparel promotion,0,72,0%,12.97
shirt printing calgary,0,72,0%,14.49
custom clothing calgary,0,70,0%,11.94
customized apparel,0,70,0%,21.2
promotional athletic wear calgary,0,66,0%,12.09
calgary promotional products,0,66,0%,26.2
printed apparel,0,64,0%,31.98
promotional clothing,0,62,0%,15.03
custom hats calgary,0,59,0%,22.07
custom black apparel small orders,0,56,0%,10.25
custom products canada,0,56,0%,57.23
custom t shirts calgary ab,0,55,0%,12.53
budget printing edmonton ab,0,55,0%,32.76
custom promotional products canada,0,54,0%,61.63
"""custom merchandise"" ""ordering process"" time or duration or ""how long"" or 
turnaround",0,53,0%,8.4
calgary custom t shirts,0,53,0%,17.66
budget tee,0,52,0%,12.63
custom embroidery canada,0,51,0%,59.55
promotional items calgary,0,50,0%,16.88
apparel printing,0,49,0%,15.37
budget tees,0,48,0%,12.38
budget t shirt,0,47,0%,16.62
promotional apparel,0,47,0%,21.66
where can i get custom merchandise made with a fast turnaround?,0,43,0%,8.19
atc pro team short sleeve tee,0,43,0%,8.23
calgary promotional,0,43,0%,16.93
tshirt printing fast,0,43,0%,44.7
promotional products near me,0,41,0%,19.32
"""budget promotion"" ""budgetpromotion.ca""",0,41,0%,23.41
cheap tshirt printing,0,39,0%,34.05
t shirt making calgary,0,38,0%,13.82
same day shirt printing,0,37,0%,7.78
calgary custom shirts,0,36,0%,16.31
l0550y,0,35,0%,5.89
custom tee shirts calgary,0,33,0%,11.73
apparel printing calgary,0,32,0%,7.81
promotional t shirts,0,32,0%,8.97
personalized shirts calgary,0,32,0%,15.06
custom promotional gifts calgary,0,31,0%,10.19
professional t shirts,0,31,0%,36.1
cheap custom apparel,0,30,0%,12.3
branded merchandise company in calgary,0,30,0%,12.8
custom printed t shirts calgary,0,30,0%,12.93
custom cloth printing,0,29,0%,44.66
atc1015,0,28,0%,8.04
custom apparel design,0,28,0%,37.32
corporate promotional products calgary,0,28,0%,42.21
budget printing calgary,0,27,0%,9.07
custom swag canada,0,27,0%,56.74
personalized t shirts calgary,0,25,0%,13.36
custom promotional products calgary,0,25,0%,23.72
custom shirts,0,24,0%,14.33
ind4000z,0,24,0%,17.62
calgary t shirts,0,24,0%,38.46
budget t shirts,0,23,0%,8.78
corporate branded apparel calgary,0,23,0%,13.04
vault hoodie,0,22,0%,8.77
atc s350,0,22,0%,9.73
calgary promotions,0,22,0%,22.86
men's tshirt printing,0,22,0%,40.23
promotional shirts,0,21,0%,8.14
vault pullover hoodie,0,20,0%,8.75
custom promotional products,0,20,0%,65.85
j7610,0,19,0%,6.11
calgary apparel printing,0,19,0%,8.11
custom screen printing calgary,0,19,0%,11
branded apparel calgary,0,19,0%,14.26
promotional tees,0,19,0%,14.68
custom embroidered clothing canada,0,19,0%,15.58
custom jackets calgary,0,19,0%,19.26
t shirt printing near me,0,18,0%,18
custom work uniforms calgary,0,18,0%,24.33
calgary screen printing,0,18,0%,25.89
promotional product supplier calgary,0,18,0%,45.61
cheap promotional products,0,18,0%,66.72
budget embroidery,0,17,0%,4.59
6606,0,17,0%,8.18
how i got brand deals calgary,0,17,0%,9.18
promotional t-shirts,0,17,0%,10.18
custom logo apparel canada,0,17,0%,13.59
screen printers near me,0,17,0%,14.12
embroidery near me,0,17,0%,15.94
custom merchandise for business,0,17,0%,41.47
custom tshirt canada,0,17,0%,68.94
clothing printing calgary,0,16,0%,8.56
inexpensive custom shirts,0,16,0%,9.56
custom workwear calgary,0,16,0%,24.25
logo embroidery,0,16,0%,39.88
merch agency,0,16,0%,73.25
what custom merchandise should a small business order for promotions?,0,15,0%,1.13
wholesale custom apparel,0,15,0%,8.8
promotion,0,15,0%,12.33
budget t shirts vancouver,0,15,0%,16.4
branded apparel printing,0,15,0%,19.47
hat embroidery calgary,0,15,0%,20.4
corporate apparel canada,0,15,0%,25.73
swag printing,0,15,0%,27.73
custom jerseys calgary,0,15,0%,42.13
custom clothes,0,15,0%,62.93
l00550 - vault-adult pullover hooded sweatshirt,0,14,0%,6.14
promotional near me,0,14,0%,8.36
promo products near me,0,14,0%,11.79
shirt printing,0,14,0%,17.64
business apparel printing,0,14,0%,20
commercial merchandise calgary,0,14,0%,20.36
custom work shirts canada,0,14,0%,29.86
by design embroidery & screen print,0,14,0%,30.43
budget printing edmonton,0,14,0%,37.79
custom clothes canada,0,14,0%,38.29
custom toques,0,14,0%,70.29
ch essentials,0,13,0%,7.92
calgary budget marketing,0,13,0%,8.23
promotional tshirts,0,13,0%,8.62
calgary tshirt printing,0,13,0%,9.08
budget custom t shirts,0,13,0%,10.23
dtg printing calgary,0,13,0%,11.92
budget logo,0,13,0%,13.15
custom printed products,0,13,0%,16.92
clothing printing canada,0,13,0%,20.38
custom apparel edmonton,0,13,0%,27.08
branded product supplier calgary,0,13,0%,30.69
6277,0,12,0%,4.42
budget t-shirt,0,12,0%,7.5
custom woven shirts,0,12,0%,8.08
affordable custom shirts,0,12,0%,14.17
promotion company,0,12,0%,22.92
branded apparel ontario,0,12,0%,25.33
how long does the proof approval process take for custom merchandise?,0,11,0%,6.82
embroidery vs screen printing,0,11,0%,15.64
custom stores,0,11,0%,20.09
food service apparel,0,11,0%,23.91
same day calgary,0,11,0%,26.27
custom hoodies edmonton,0,11,0%,29.27
print on demand calgary,0,11,0%,38.36
restaurant apparel,0,11,0%,48.36
custom swag,0,11,0%,63.27
custom athletic shirts canada,0,11,0%,75.64
custom toques calgary,0,10,0%,9.9
sublimated soccer jerseys,0,10,0%,11.6
custom t-shirt printing calgary,0,10,0%,13
custom t shirt calgary,0,10,0%,13.6
custom clothing printing,0,10,0%,22.4
tshirt printing wholesale,0,10,0%,34.1
custom print and promo,0,10,0%,34.2
cheap printing calgary,0,10,0%,48.1
cheap custom t shirts canada,0,10,0%,58.7
custom snapback hats,0,10,0%,60.5
promo shirts,0,9,0%,5.11
vault hoodies,0,9,0%,7.22
branded merchandise calgary,0,9,0%,14.22
dtg tshirt printing alberta,0,9,0%,15.33
caps calgary,0,9,0%,15.56
ss3000,0,9,0%,16.89
print and promo,0,9,0%,31.44
custom business apparel,0,9,0%,32.56
jersey u neck short sleeve,0,9,0%,42.22
customized merchandise,0,9,0%,59
custom tees canada,0,9,0%,59.56
s3535,0,8,0%,3.88
t shirt promotions,0,8,0%,6.75
promotional merchandise calgary,0,8,0%,12
event apparel,0,8,0%,14.25
custom t shirts,0,8,0%,16.25
t shirt promo,0,8,0%,16.25
promo materials and swag near me,0,8,0%,16.38
affordable swag near me,0,8,0%,16.5
promotional wear,0,8,0%,17.88
custom printed clothing,0,8,0%,23.62
tshirt printing near me,0,8,0%,27.38
promo clothing,0,8,0%,27.5
custom company apparel,0,8,0%,29.38
custom gear,0,8,0%,48.62
best method for printing on hoodies screen print or embroidery 2025 or 2026,0,7,0%,4.71
nkdc1963,0,7,0%,4.71
budget-t.com,0,7,0%,5
promotion t shirts,0,7,0%,8.43
budget tshirts,0,7,0%,8.57
tshirts calgary,0,7,0%,17.86
promotional products company near me,0,7,0%,19.43
custom promotional apparel canada,0,7,0%,19.71
promotional apparel for events,0,7,0%,22.86
creative branded products calgary,0,7,0%,23.43
canada custom apparel,0,7,0%,26.43
logo merchandise printing,0,7,0%,27.86
promotional design,0,7,0%,28.71
screen embroidery,0,7,0%,30.29
the rocket calgary,0,7,0%,35.14
cheap custom shirts canada,0,7,0%,52.43
custom promotional merchandise,0,7,0%,70.57
nkbq5230,0,6,0%,4.83
embroidered vs screen printed,0,6,0%,6.33
csw l00550 vault pullover hoodie,0,6,0%,7.83
promotional chino hats,0,6,0%,9.83
ss3000 crewneck,0,6,0%,13.17
promo gear,0,6,0%,15.17
calgary embroidery,0,6,0%,17.67
hoodie promo,0,6,0%,18.5
custom clothing canada no minimum,0,6,0%,23.17
clothing printing near me,0,6,0%,24
branded apparel canada,0,6,0%,27
custom hoodies near me,0,6,0%,28.83
logo apparel,0,6,0%,29.67
canada custom clothing,0,6,0%,30.83
printing apparel,0,6,0%,36.83
cheap promotional items canada,0,6,0%,41.5
canadian merch companies,0,6,0%,51.67
promotional hoodies edmonton,0,6,0%,53.67
same day t shirt printing,0,5,0%,2.6
custom apparel promotions,0,5,0%,6
wrangler storm rider jacket,0,5,0%,6.8
budget brand,0,5,0%,7.8
s445,0,5,0%,8.6
branded merchandise store edmonton,0,5,0%,15.4
custom apparel near me,0,5,0%,15.4
custom shirt printing calgary,0,5,0%,16.4
promotional printing near me,0,5,0%,21
custom logo apparel,0,5,0%,21.8
custom screen printing canada,0,5,0%,23
promotional printing,0,5,0%,25
embroidery in calgary,0,5,0%,30.4
promotional tee shirts,0,5,0%,30.6
custom printing,0,5,0%,43.8
promotional sweaters,0,5,0%,44.8
cheap t-shirt printing canada,0,5,0%,50.6
cheapest t shirt printing,0,5,0%,55
custom printing calgary,0,5,0%,56.8
promo price,0,5,0%,57.6
custom shirts canada,0,5,0%,70
screen printing vs embroidery,0,4,0%,2.5
budget t shirt printing,0,4,0%,3.5
printing vs embroidery,0,4,0%,3.5
budget products,0,4,0%,3.75
screen print vs embroidery,0,4,0%,4
retro trucker cap - 6606,0,4,0%,6.25
promo shirt,0,4,0%,7.25
apparel promotions,0,4,0%,8
vault adult pullover hoodie,0,4,0%,8
"""future you"" ""nike"" ""upload"" ""photo""",0,4,0%,8.25
nike dri-fit micro pique 2.0 polo. nkdc1963,0,4,0%,8.25
custom logo clothing,0,4,0%,8.75
custom wrangler shirts,0,4,0%,8.75
promotion shirts,0,4,0%,9.25
custom company apparel near me,0,4,0%,9.5
promo t shirts,0,4,0%,9.75
same day embroidery near me,0,4,0%,9.75
sanmar calgary,0,4,0%,10.25
budget t-shirt ltd,0,4,0%,10.75
promotional chino caps,0,4,0%,11.5
promotional t shirt,0,4,0%,11.5
promotional merchandise near me,0,4,0%,14
branded clothing,0,4,0%,15.5
promotional apparel canada,0,4,0%,17.25
calgary custom hats,0,4,0%,17.75
custom printing with logo,0,4,0%,18.75
products promotion,0,4,0%,18.75
digby print and promo,0,4,0%,19
promo printing,0,4,0%,19
"custom tshirts, polo shirts, hoodies, fleece sweatshirts, corporate 
uniforms, workwear, logo wear, branded apparel. site:.ca -wiki -youtube 
-tiktok -amazon -""made-in-china"" -alibaba",0,4,0%,21.25
inexpensive custom t shirts,0,4,0%,22.75
cheap branding,0,4,0%,24.25
ookami promo,0,4,0%,24.25
promotional clothing ontario,0,4,0%,25.25
merchandise printing,0,4,0%,26.5
promotional dress shirts,0,4,0%,27.25
wholesale clothing calgary,0,4,0%,30.75
calgary custom embroidery,0,4,0%,31
company apparel canada,0,4,0%,31.25
logo printing,0,4,0%,33.75
screen printing companies near me,0,4,0%,36.25
cheap printing in calgary,0,4,0%,37.75
promotional gifts calgary,0,4,0%,38.75
custom t shirts canada,0,4,0%,52
custom t-shirts canada,0,4,0%,52.25
custom shirts canada no minimum,0,4,0%,54.25
printed swag,0,4,0%,55.25
cheap promotional merchandise,0,4,0%,76.25
"""budget promotion"" ""calgary""",0,3,0%,1
budget shirts,0,3,0%,3
custom t shirt printing same day,0,3,0%,3
canada promo print,0,3,0%,3.67
same day custom,0,3,0%,3.67
atc 1015,0,3,0%,4.33
promotion company near me,0,3,0%,4.33
embroidered vs printed,0,3,0%,4.67
1376702,0,3,0%,5
freestyle jerseys,0,3,0%,5
printed vs embroidered,0,3,0%,5
new era ne900,0,3,0%,5.67
custom screen printing,0,3,0%,6
custom appearal,0,3,0%,6.67
jersey discount,0,3,0%,6.67
custom promotions,0,3,0%,7.33
tshirt custom logo,0,3,0%,7.33
custom uniforms near me,0,3,0%,7.67
promotion apparel,0,3,0%,7.67
promotion t,0,3,0%,7.67
18600b,0,3,0%,8
6606 cap,0,3,0%,8
custom brand printing,0,3,0%,8
unisex heavy blend™ crewneck sweatshirt - 18000,0,3,0%,8
clothing printing,0,3,0%,8.33
custom apperal,0,3,0%,8.33
budget store,0,3,0%,9
cheap custom t shirts,0,3,0%,9
koi sweatpants,0,3,0%,9.33
atc1000l,0,3,0%,9.67
budget print,0,3,0%,9.67
custom merchandise near me,0,3,0%,10
t shirt printing,0,3,0%,10
custom t shirts near me,0,3,0%,10.33
promotions clothing,0,3,0%,10.67
apparel stores check printing,0,3,0%,11
budget sweatpants,0,3,0%,12.67
ca promotion,0,3,0%,13
custom tshirt calgary,0,3,0%,13
promo wear,0,3,0%,13.67
custom team shirts cheap,0,3,0%,16.67
printed clothing,0,3,0%,17.67
promotion companies,0,3,0%,18.33
custom t-shirts,0,3,0%,19.33
promo products,0,3,0%,21.33
cheap custom shirts,0,3,0%,24
custom apparal,0,3,0%,24.33
custom hat calgary,0,3,0%,26.33
business logo apparel,0,3,0%,28
custom apparel cheap,0,3,0%,29
embroidery and screen printing,0,3,0%,29.33
cheap shirt printing,0,3,0%,31
alberta t-shirt supply,0,3,0%,33.33
company logo apparel,0,3,0%,35.33
cheapest custom t shirts canada,0,3,0%,36.33
6277 cap,0,3,0%,40.33
customizable apparel,0,3,0%,40.33
bulk tshirt printing,0,3,0%,40.67
cheapest custom t-shirts canada,0,3,0%,41.33
cheapest custom shirts,0,3,0%,41.67
custom dress shirts calgary,0,3,0%,42.67
custom merch for businesses,0,3,0%,44.67
calgary t shirt,0,3,0%,47.67
bargain t shirt printing,0,3,0%,52.67
cheap promotional products canada,0,3,0%,54.67
calgary custom,0,3,0%,57.33
discount custom t shirts,0,3,0%,62.67
s headwear,0,3,0%,65
tshirt printing canada,0,3,0%,69
logo embroidery near me,0,3,0%,71.33
canadian custom merchandise supplier,0,3,0%,77.67
business cards calgary,0,2,0%,1
cap printing,0,2,0%,1
difference between embroidery and printing,0,2,0%,1
difference between print and embroidery,0,2,0%,1
embroidery vs print,0,2,0%,1
embroidery vs printing,0,2,0%,1
how to make embossed sweatshirt,0,2,0%,1
jersey number printing near me,0,2,0%,1
print vs embroidery,0,2,0%,1
printing services calgary,0,2,0%,1
screen printing,0,2,0%,1
"i am a 25-34 or 35-44 year old marketing manager or sales manager. my job 
seniority is at the vp, director, manager, or senior level. i work at a 
company with 1-249 employees, 250-1k employees, or 1k-10k employees. my 
main motivations: make the company look credible externally through branded 
merchandise — at trade shows, client events, campaign activations, and 
sales gifting. the physical product is a brand signal before anyone says a 
word. wants gear that starts conversations, not ends up in a hotel trash 
can. success means the booth looks premium, prospects feel valued, and 
leadership compliments the execution. my main pain points: hard external 
deadlines tied to events that don't move, with freight cutoffs to venues 
discovered too late. cheap-looking swag reflects directly on their 
professional judgment. multi-item orders with different specs must land in 
one cart and one invoice. for sales gifting: needs to move fast and solo, 
with no design team involved — if the process takes more than 15 minutes 
they go to amazon instead. how do i choose between screen print and 
embroidery?",0,2,0%,2
next day t shirt printing,0,2,0%,2
same day custom t shirts,0,2,0%,2.5
budget clothes,0,2,0%,3.5
nkdc1991,0,2,0%,4
jersey promotion,0,2,0%,5
tshirt printing,0,2,0%,5
yukon bomber,0,2,0%,5.5
cheapest place to get shirts printed,0,2,0%,6
coal harbour s445,0,2,0%,6
promotional head wear,0,2,0%,6
custom promo,0,2,0%,6.5
1369785,0,2,0%,7
embroidered vs printed logo,0,2,0%,7
hoodie customization near me,0,2,0%,7
nike nkdc1991,0,2,0%,7
promo tshirts,0,2,0%,7
promotional designs,0,2,0%,7.5
same day delivery clothes,0,2,0%,7.5
custom embroidered hoodies near me,0,2,0%,8
headwear promotions,0,2,0%,8
screen printing and embroidery,0,2,0%,8
budget shirt,0,2,0%,8.5
tshirt promotionnel,0,2,0%,8.5
custom apparel printing services,0,2,0%,9
fast forward printing,0,2,0%,9
personalized apparel,0,2,0%,9
promotion clothing,0,2,0%,9
promotional headwear,0,2,0%,9
carhartt 28l foundry series dual-compartment backpack ctb0000486,0,2,0%,9.5
same day t-shirt printing near me,0,2,0%,9.5
sweater printing near me,0,2,0%,9.5
apparel embroidery near me,0,2,0%,10
logo printing for clothes,0,2,0%,10
printing embroidery,0,2,0%,10
promo t-shirts,0,2,0%,10
promotional shirt,0,2,0%,10
same day t shirt printing calgary,0,2,0%,10
apparel printing services,0,2,0%,10.5
custom printing clothing,0,2,0%,10.5
custom tees,0,2,0%,10.5
printing t shirts near me,0,2,0%,10.5
promotion ca,0,2,0%,10.5
custom print shirts near me,0,2,0%,11
customized shirts near me,0,2,0%,11
jersey printing near me,0,2,0%,11
same day embroidery,0,2,0%,11
budget branding,0,2,0%,11.5
ch jacket,0,2,0%,11.5
high quality custom,0,2,0%,11.5
print custom sweatshirt,0,2,0%,11.5
werk jacket,0,2,0%,11.5
budget printing near me,0,2,0%,12
custom tees near me,0,2,0%,12
promo merchandise,0,2,0%,12
promotional sweatshirts,0,2,0%,12
promotional t-shirt,0,2,0%,12
imprint t shirts near me,0,2,0%,13
cheap custom clothing,0,2,0%,13.5
print promotion,0,2,0%,13.5
custom promotional apparel,0,2,0%,15
edmonton branded products,0,2,0%,15
custom promotional t-shirts,0,2,0%,16.5
get bold,0,2,0%,17.5
promotion companies near me,0,2,0%,17.5
coal harbour polo,0,2,0%,18
custom short sleeve shirts,0,2,0%,19
branded merch calgary,0,2,0%,19.5
promotional sweaters edmonton,0,2,0%,19.5
screen printing hoodies,0,2,0%,20
custom logo printing,0,2,0%,20.5
promotional toques,0,2,0%,20.5
same day printing,0,2,0%,20.5
custom promotional products near me,0,2,0%,21.5
budget promotion instagram,0,2,0%,22
custom product printing,0,2,0%,22
custom tshirt printing,0,2,0%,22.5
budget printing and supplies,0,2,0%,24.5
company logo apparel ontario,0,2,0%,26
swag printing companies,0,2,0%,26.5
same day clothing delivery,0,2,0%,27
black long sleeve crewneck,0,2,0%,27.5
it's time promotions,0,2,0%,29
custom kings calgary,0,2,0%,30.5
promotion printing,0,2,0%,32
cheap t shirt printing canada,0,2,0%,33
business apparel companies,0,2,0%,33.5
calgary graphic tee,0,2,0%,35
ca promotions,0,2,0%,35.5
promotional hoodies,0,2,0%,36.5
advertising merchandise cheap,0,2,0%,37.5
promotional merchandise cheap,0,2,0%,38.5
promotional logo jackets,0,2,0%,39
alberta t shirt supply,0,2,0%,39.5
promotional outerwear customized,0,2,0%,39.5
promotional products printing,0,2,0%,42
hoodie printing services,0,2,0%,42.5
shirt embroidery near me,0,2,0%,42.5
discount shirt printing,0,2,0%,43
cheap custom t-shirts canada,0,2,0%,43.5
dtg printing near me,0,2,0%,44
custom athletic apparel canada,0,2,0%,44.5
custom embroidery companies,0,2,0%,45
print promotional items,0,2,0%,47
primetime custom,0,2,0%,47.5
custom printed promotional items,0,2,0%,48.5
cheap shirts custom,0,2,0%,49.5
custom business clothing,0,2,0%,51
customizable merchandise,0,2,0%,51
cheapest t-shirt printing,0,2,0%,54.5
shirt customizer cheap,0,2,0%,55.5
custom design apparel,0,2,0%,58.5
cheap shirts printing,0,2,0%,60.5
screen printing companies,0,2,0%,61
cheap tshirts printed,0,2,0%,63
personalized clothing,0,2,0%,63.5
custom promo items,0,2,0%,65.5
hoodie printing canada,0,2,0%,66
tshirt printing edmonton,0,2,0%,66.5
t shirts for corporates,0,2,0%,83.5
branding calgary,0,2,0%,86
apparel restaurant,0,1,0%,1
apparel services,0,1,0%,1
budget uniform,0,1,0%,1
budgetpromotion.ca,0,1,0%,1
calgary embroidery services,0,1,0%,1
calgary printing services,0,1,0%,1
cheapest tshirt,0,1,0%,1
clothing same day delivery near me,0,1,0%,1
creative agencies calgary,0,1,0%,1
custom bowling shirts near me,0,1,0%,1
custom printed t shirts,0,1,0%,1
custom printing and embroidery near me,0,1,0%,1
custom shirt embroidery near me,0,1,0%,1
custom t shirt printing near me,0,1,0%,1
difference between printing and embroidery,0,1,0%,1
dtf printing calgary,0,1,0%,1
dtf transfers calgary,0,1,0%,1
embroidered definition for kids,0,1,0%,1
embroidery or screen print,0,1,0%,1
football jersey shops near me,0,1,0%,1
good company swag,0,1,0%,1
how are sweatshirts made,0,1,0%,1
how to emboss sweatshirts,0,1,0%,1
"i am a 25-34, 35-44, or 45-54 year old female hr manager. my job seniority 
is at the manager, vp, or director level. i work at a company with 1-249 
employees, 250-1k employees, or 1k-10k employees. my main motivations: make 
the people inside their organization feel seen, unified, and proud through 
branded gear. whether it's onboarding kits, retreat apparel, staff 
uniforms, or anniversary gifts — the product is a culture signal. success 
means people actually wear it, leadership notices, and no one knows how 
much invisible labor it took to pull off. recognition for this work rarely 
shows up anywhere official. my main pain points: coordinating sizes, 
approvals, and logistics across a large group while this lives outside 
their actual job description. delivery anxiety is constant — the event date 
or hire date doesn't move. terrified of spending real budget on something 
that feels cheap in person or generates no excitement. a quality failure or 
late shipment is a public, personal failure in front of the people they 
were trying to impress. screen printing vs embroidery for sweatshirts",0,1,0%,1
"i am a 25-34, 35-44, under 18, 18-24, 45-54, 55-64, or 65+ year old in the 
education, government, healthcare, or nonprofit industry. my job seniority 
is at the manager or director level. i work at a company with 1-249 
employees, 250-1k employees, or 1k-10k employees. my main motivations: 
create a moment of belonging for a group they deeply care about — a team, a 
class, a congregation, a cause. the shirt is an act of love, not a 
procurement task. success means the group feels unified, people wear it 
long after the event, and the moment lands the way they imagined it when 
they started planning. this is invisible labor done in evenings and lunch 
breaks, driven entirely by care for the community. my main pain points: 
doing this alone, after hours, with no design experience, no budget buffer, 
and a hard deadline tied to an event that cannot move. coordinating sizes 
and payments across dozens of people who respond slowly. last-minute panic 
when someone else was supposed to handle it and didn't. if the shirts don't 
arrive in time or look wrong, they're the one explaining it to 60 
disappointed kids, grieving families, or teammates who were counting on 
them. how do i choose between screen print and embroidery?",0,1,0%,1
local t-shirt print shops,0,1,0%,1
merchandise discount,0,1,0%,1
online promotion,0,1,0%,1
print business cards calgary,0,1,0%,1
print shop,0,1,0%,1
print shop calgary,0,1,0%,1
print tshirts,0,1,0%,1
printing or embroidery,0,1,0%,1
printing services airdrie,0,1,0%,1
printing shops open now,0,1,0%,1
screen print shop,0,1,0%,1
screen printed logo,0,1,0%,1
screen printed vs embroidered,0,1,0%,1
screenprint,0,1,0%,1
t shirt printing supplies,0,1,0%,1
what does catching print mean,0,1,0%,1
what is catch printing,0,1,0%,1
what is screen printing t-shirts,0,1,0%,1
woven dress shirts,0,1,0%,1
advertising buttons,0,1,0%,2
coal harbour jackets,0,1,0%,2
custom shirts same day,0,1,0%,2
dtg,0,1,0%,2
events apparel,0,1,0%,2
how to screen printing for outdoor enthusiasts,0,1,0%,2
promotion?,0,1,0%,2
same day jersey printing near me,0,1,0%,2
same day sweatshirt printing near me,0,1,0%,2
site:myshopify.com custom t-shirt merch 2026,0,1,0%,2
yes,0,1,0%,2
1376847,0,1,0%,3
clothing promo,0,1,0%,3
custom hats,0,1,0%,3
custom screen printed vs embroidered apparel,0,1,0%,3
how do you emboss a sweatshirt,0,1,0%,3
jersey promo,0,1,0%,3
new lok,0,1,0%,3
next day custom shirts,0,1,0%,3
print logo on clothing,0,1,0%,3
print t shirt same day,0,1,0%,3
restaurant merchandise,0,1,0%,3
s&s polo,0,1,0%,3
same day custom t shirts near me,0,1,0%,3
same day shirt printing near me,0,1,0%,3
same day sublimation printing near me,0,1,0%,3
shirt printing same day,0,1,0%,3
shirt printing same day near me,0,1,0%,3
sweater embroidery near me,0,1,0%,3
embroidered hoodie brands,0,1,0%,4
nike - nike dri-fit micro pique 2.0 polo nkdc1963,0,1,0%,4
non profit t shirts,0,1,0%,4
screen print shirts near me,0,1,0%,4
screen printing services wholesale,0,1,0%,4
t-shirt promotion,0,1,0%,4
tee sales,0,1,0%,4
woven shirts,0,1,0%,4
"""branded merchandise"" -site:reddit.com -site:twitter.com -site:x.com 
-site:wykop.pl -site:tripadvisor.com -site:youtube.com -site:yelp.com 
-site:booking.com -site:facebook.com -site:instagram.com -site:tiktok.com",0,1,0%,5
10oz. heavyweight zip hood,0,1,0%,5
affordable custom clothing for nonprofits,0,1,0%,5
"are there custom merchandise companies that specialize in small batch 
orders?",0,1,0%,5
budget hat,0,1,0%,5
cheap custom,0,1,0%,5
cheap soccer kits,0,1,0%,5
custom apparel printing embroidery,0,1,0%,5
customize stores near me,0,1,0%,5
ne900,0,1,0%,5
non profit t shirt,0,1,0%,5
same day hoodie printing near me,0,1,0%,5
screen printing pricing guide 2026,0,1,0%,5
shirt making company,0,1,0%,5
where can i get hoodies printed near me,0,1,0%,5
apparel print shop,0,1,0%,6
apparel pros,0,1,0%,6
budget hoodies,0,1,0%,6
budget sportswear,0,1,0%,6
by print,0,1,0%,6
cheap merchandise,0,1,0%,6
corporate clothing calgary,0,1,0%,6
custom apprel,0,1,0%,6
custom branding clothing,0,1,0%,6
custom jacket embroidery near me,0,1,0%,6
custom tees and more,0,1,0%,6
customer apparel,0,1,0%,6
customize shirts near me,0,1,0%,6
hoodie print near me,0,1,0%,6
promo custom,0,1,0%,6
promo print,0,1,0%,6
atc 51778,0,1,0%,7
cheap team shirts,0,1,0%,7
clothing promotion,0,1,0%,7
custom apparel screen printing,0,1,0%,7
"i am a 25-34, 35-44, under 18, 18-24, 45-54, 55-64, or 65+ year old in the 
education, government, healthcare, or nonprofit industry. my job seniority 
is at the manager or director level. i work at a company with 1-249 
employees, 250-1k employees, or 1k-10k employees. my main motivations: 
create a moment of belonging for a group they deeply care about — a team, a 
class, a congregation, a cause. the shirt is an act of love, not a 
procurement task. success means the group feels unified, people wear it 
long after the event, and the moment lands the way they imagined it when 
they started planning. this is invisible labor done in evenings and lunch 
breaks, driven entirely by care for the community. my main pain points: 
doing this alone, after hours, with no design experience, no budget buffer, 
and a hard deadline tied to an event that cannot move. coordinating sizes 
and payments across dozens of people who respond slowly. last-minute panic 
when someone else was supposed to handle it and didn't. if the shirts don't 
arrive in time or look wrong, they're the one explaining it to 60 
disappointed kids, grieving families, or teammates who were counting on 
them. screen printing vs embroidery for sweatshirts",0,1,0%,7
logo gear,0,1,0%,7
promotion tshirt,0,1,0%,7
samedaycustom,0,1,0%,7
sanmar hoodies,0,1,0%,7
screen printing vs embroidery vs dtg cost per unit streetwear apparel,0,1,0%,7
small business apparel,0,1,0%,7
tshirt stores,0,1,0%,7
500 pieces,0,1,0%,8
boutique roeya: custom t-shirts and laser engraving calgary,0,1,0%,8
canadian tshirt printing,0,1,0%,8
cheap custom tees,0,1,0%,8
cheap customs,0,1,0%,8
cheap shirts for printing,0,1,0%,8
clothing logo embroidery,0,1,0%,8
creative promotional products calgary,0,1,0%,8
custom hoodie near me,0,1,0%,8
custom merch printing,0,1,0%,8
custom polo shirts near me,0,1,0%,8
custom shirt printing,0,1,0%,8
last minute shirt printing,0,1,0%,8
print on hoodie near me,0,1,0%,8
promo product,0,1,0%,8
shirt services,0,1,0%,8
"""branded apparel"" -site:reddit.com -site:twitter.com -site:x.com 
-site:wykop.pl -site:tripadvisor.com -site:youtube.com -site:yelp.com 
-site:booking.com -site:facebook.com -site:instagram.com -site:tiktok.com",0,1,0%,9
affordable t-shirt printing,0,1,0%,9
apparel with custom logo,0,1,0%,9
aurixlab,0,1,0%,9
budget shorts,0,1,0%,9
cheap tshirt print,0,1,0%,9
custom apparel printing shop,0,1,0%,9
custom branded clothing,0,1,0%,9
custom printed shirts near me,0,1,0%,9
custom shirts cheap,0,1,0%,9
custom t-shirt store,0,1,0%,9
custom tshirts near me,0,1,0%,9
embroidery vs screen printing cost,0,1,0%,9
extra graphic,0,1,0%,9
hoodie embroidery near me,0,1,0%,9
inexpensive custom t-shirts,0,1,0%,9
is embroidery better than screen printing,0,1,0%,9
jacket embroidery near me,0,1,0%,9
logo screen printing near me,0,1,0%,9
my budget store,0,1,0%,9
nike dri-fit cotton/poly tee. nkbq5231,0,1,0%,9
non profit merch,0,1,0%,9
pants printing,0,1,0%,9
print gear,0,1,0%,9
promotion t shirt,0,1,0%,9
promotional company near me,0,1,0%,9
screen print or embroidery,0,1,0%,9
team tech,0,1,0%,9
budget gear,0,1,0%,10
cheap t shirts with logo,0,1,0%,10
clothing printing stores,0,1,0%,10
company apparel near me,0,1,0%,10
custom appar,0,1,0%,10
custom dri fit shirts canada,0,1,0%,10
custom logo merch,0,1,0%,10
custom made t shirts near me,0,1,0%,10
custom print clothing near me,0,1,0%,10
custom.t shirts near me,0,1,0%,10
custome apparel,0,1,0%,10
customized sweatshirts near me,0,1,0%,10
customized t shirts near me,0,1,0%,10
customized tshirt printing near me,0,1,0%,10
get t shirts printed near me,0,1,0%,10
how much should a small business budget for custom branded merchandise?,0,1,0%,10
jacket ch,0,1,0%,10
new era skull beanie,0,1,0%,10
non profit merchandise,0,1,0%,10
personal embroidery near me,0,1,0%,10
print promotions,0,1,0%,10
print t shirt near me,0,1,0%,10
print tshirts cheap,0,1,0%,10
promotional shirts with logo,0,1,0%,10
promotions t shirts,0,1,0%,10
same day bulk shirt order,0,1,0%,10
same day clothes delivery,0,1,0%,10
sanmar caps,0,1,0%,10
shirt customization near me,0,1,0%,10
shirt logo embroidery near me,0,1,0%,10
silk screen printing near me,0,1,0%,10
sports embroidery near me,0,1,0%,10
t shirts promo,0,1,0%,10
where can i customize a shirt near me,0,1,0%,10
6733,0,1,0%,11
best custom printing companies for apparel near me,0,1,0%,11
best custom shirt companies,0,1,0%,11
branding apparel,0,1,0%,11
company t shirts,0,1,0%,11
cool company shirts,0,1,0%,11
cool company tshirts,0,1,0%,11
custom apparel websites,0,1,0%,11
custom aprons near me,0,1,0%,11
custom beanies near me,0,1,0%,11
custom business shirts,0,1,0%,11
custom logo wear,0,1,0%,11
custom printing brands,0,1,0%,11
custom shirts near me,0,1,0%,11
customization companies,0,1,0%,11
embroidery screen printing,0,1,0%,11
how long does the proof approval process take for custom merchandise,0,1,0%,11
make a shirt near me,0,1,0%,11
new era skull hat,0,1,0%,11
nike dri-fit cotton/poly long sleeve tee,0,1,0%,11
nkfb6447,0,1,0%,11
personalized hoodies near me,0,1,0%,11
print apparel,0,1,0%,11
printing promo,0,1,0%,11
product merchandising company calgary,0,1,0%,11
ptomotion,0,1,0%,11
quick custom embroidery,0,1,0%,11
sanmar nike,0,1,0%,11
screen printing and embroidery company,0,1,0%,11
screen printing t shirts near me,0,1,0%,11
screen printing wholesale,0,1,0%,11
shirt printing near me,0,1,0%,11
t shirt picture printing near me,0,1,0%,11
t shirt printing places near me,0,1,0%,11
t-shirt design services,0,1,0%,11
t-shirt prints near me,0,1,0%,11
"""nike"" ""future you"" ""upload"" ""photo""",0,1,0%,12
budget delivery,0,1,0%,12
canadian custom embroidery,0,1,0%,12
cheap fan apparel,0,1,0%,12
cheap promotional t shirts,0,1,0%,12
cheap t shirt embroidery,0,1,0%,12
cheapest custom,0,1,0%,12
clothing embroidery near me,0,1,0%,12
custom apparel company,0,1,0%,12
custom embroidery near me,0,1,0%,12
custom event apparel,0,1,0%,12
custom graphic tees near me,0,1,0%,12
custom hoodie printing,0,1,0%,12
custom t shirt cost,0,1,0%,12
custom tee,0,1,0%,12
embroidery calgary near me,0,1,0%,12
examples,0,1,0%,12
merchandise for charities,0,1,0%,12
order custom shirts,0,1,0%,12
print hoodies near me,0,1,0%,12
printing shirts near me,0,1,0%,12
promotional+clothing,0,1,0%,12
roblox hoodie design,0,1,0%,12
shirts printed near me,0,1,0%,12
soccer jersey printing near me,0,1,0%,12
t shirt en promotion,0,1,0%,12
t shirt.printing near me,0,1,0%,12
t-shirt company,0,1,0%,12
t-shirt printing near me,0,1,0%,12
u neck short sleeve size large,0,1,0%,12
who does custom,0,1,0%,12
who does embroidery near me,0,1,0%,12
apron printing near me,0,1,0%,13
cheap custom team shirts,0,1,0%,13
clothing for business,0,1,0%,13
company branded apparel,0,1,0%,13
custom branded clothes,0,1,0%,13
custom clothes cheap,0,1,0%,13
custom t shirt price,0,1,0%,13
custon t shirts,0,1,0%,13
embroidery cheap,0,1,0%,13
hoodie and t shirt printing,0,1,0%,13
more,0,1,0%,13
new era fleece lined beanie,0,1,0%,13
print sweatshirt near me,0,1,0%,13
print t-shirts near me,0,1,0%,13
printing merchandise,0,1,0%,13
promotional performance shirts,0,1,0%,13
rush imprints,0,1,0%,13
t shirt pricing,0,1,0%,13
team water shirt,0,1,0%,13
ukraine,0,1,0%,13
cheap custom t shirt,0,1,0%,14
customized t-shirts near me,0,1,0%,14
hoodie printing near me,0,1,0%,14
how much does t shirt printing cost,0,1,0%,14
promotion',0,1,0%,14
screen printing near me,0,1,0%,14
t shirt promotion,0,1,0%,14
tshirt promo,0,1,0%,14
merchandising company calgary,0,1,0%,15
printing tshirt price,0,1,0%,15
sanmar s350,0,1,0%,15
branded printing,0,1,0%,16
cheap tee printing,0,1,0%,16
custom apparel business,0,1,0%,16
customized hoodies near me,0,1,0%,16
embroidery company near me,0,1,0%,17
snapback custom,0,1,0%,17
buy custom,0,1,0%,18
ca 51778,0,1,0%,18
custom shop services,0,1,0%,18
under armour chino hat,0,1,0%,18
apparel for companies,0,1,0%,19
customize shop,0,1,0%,19
monogramming services near me,0,1,0%,19
summer camp sweatshirt,0,1,0%,19
company clothing canada,0,1,0%,20
custom clothing with logo,0,1,0%,20
do more promotional,0,1,0%,20
dtg printing alberta,0,1,0%,20
express it more,0,1,0%,20
jersey embroidery near me,0,1,0%,20
promotional items near me,0,1,0%,20
tee shirt printing,0,1,0%,20
clothing print shop near me,0,1,0%,21
graphic tees calgary,0,1,0%,21
promotional apparels,0,1,0%,22
promo items near me,0,1,0%,23
screen printing canada,0,1,0%,23
jersey price,0,1,0%,25
long sleeves size small,0,1,0%,25
youth pullover hoodie,0,1,0%,25
print and promotions,0,1,0%,26
promo ca,0,1,0%,26
calgary shirt,0,1,0%,27
custom branding apparel,0,1,0%,27
do apparel,0,1,0%,27
identity promotions,0,1,0%,27
custom apparel branding,0,1,0%,28
dtg prints near me,0,1,0%,28
hoodies calgary,0,1,0%,28
t shirt custom printing near me,0,1,0%,28
bu da mı,0,1,0%,29
edmonton branded items,0,1,0%,30
show me the idea,0,1,0%,30
custom branded apparel,0,1,0%,31
custom workwear canada,0,1,0%,32
atc l350,0,1,0%,33
restaurant promotion,0,1,0%,33
aj custom printing,0,1,0%,35
inexpensive custom hoodies,0,1,0%,35
long sleeves size large,0,1,0%,35
promotion web,0,1,0%,36
brand promo,0,1,0%,37
csw 24/7,0,1,0%,38
custom embroidery,0,1,0%,38
custom branded,0,1,0%,40
custom shirts on a budget,0,1,0%,41
bags promotion,0,1,0%,42
custom school clothing edmonton,0,1,0%,42
embroidery and printing,0,1,0%,42
screen printing shops near me,0,1,0%,42
basketball jerseys cheap,0,1,0%,43
headwear,0,1,0%,43
custom made shirts for cheap,0,1,0%,44
embroidery services calgary,0,1,0%,44
local screen printing,0,1,0%,44
promotional products cheap,0,1,0%,44
alberta tshirt supply,0,1,0%,45
clothes printing near me,0,1,0%,45
prime time custom,0,1,0%,45
t shirt maker canada,0,1,0%,45
custom shirts for cheap,0,1,0%,46
budget clothing stores,0,1,0%,47
calgary chamber of commerce,0,1,0%,47
customized sweaters canada,0,1,0%,47
cheap custom products,0,1,0%,48
customize t shirt for cheap,0,1,0%,48
customized clothing,0,1,0%,48
shirt printing canada,0,1,0%,48
custom brand,0,1,0%,49
discount custom t-shirts,0,1,0%,49
promotional products supplier near me,0,1,0%,49
cheap t shirt design,0,1,0%,50
affordable shirt printing,0,1,0%,52
custom printed t shirts cheap,0,1,0%,52
inexpensive t shirt printing,0,1,0%,57
low price custom shirts,0,1,0%,57
discount custom shirts,0,1,0%,58
cheap shirts printed,0,1,0%,59
printed tee shirts cheap,0,1,0%,59
embroidery promotions,0,1,0%,62
alberta promotional products,0,1,0%,63
canadian promotional companies,0,1,0%,65
t shirts printed cheap,0,1,0%,65
difference between embroidery and screen printing,0,1,0%,66
restaurant clothing,0,1,0%,67
promotional bag manufacturer canada,0,1,0%,69
custom logo products,0,1,0%,70
cheap promotional items,0,1,0%,71
discount custom tee shirts,0,1,0%,71
promotional bag manufacturers canada,0,1,0%,72
stromtech,0,1,0%,73
budget polo shirts,0,1,0%,74
custom t-shirt canada no minimum,0,1,0%,75
custom made t shirts canada,0,1,0%,76
apparel promotional products,0,1,0%,77
cap calgary,0,1,0%,77
printing promotional products,0,1,0%,77
cheap custom t,0,1,0%,79
dtf printing supplies calgary,0,1,0%,80
what to wear with polos,0,1,0%,82
custom apparel suppliers,0,1,0%,83
t shirt printing canada,0,1,0%,83
cap und chino,0,1,0%,84
garment printing near me,0,1,0%,86
canada tshirt printing,0,1,0%,87
woven shirt,0,1,0%,88
cheap customized shirts,0,1,0%,93
promotional bags with silk screen printing canada,0,1,0%,94
logo t shirt printing near me,0,1,0%,98
spiritwear canada,0,1,0%,98
custom sweaters edmonton,0,1,0%,99
promotional print & packaging inc,0,1,0%,99
custom tshirt printing canada,0,1,0%,105
canada t shirt printing,0,1,0%,134